SRR474658	SRR474682
SRR461844	SRR474706
SRR471373	SRR461904
SRR471613	SRR471553
SRR471793	SRR471913
SRR471433	SRR471493
SRR471733	SRR471853
SRR471673	SRR474766
SRR471073	SRR470989
SRR472616	SRR472695
SRR472853	SRR471265
SRR471289	SRR471181
SRR472556	SRR474598
SRR462188	SRR472774
SRR471241	SRR471349
SRR462267	SRR462068
SRR462128	SRR462327
SRR474116	SRR474008
SRR468565	SRR468445
SRR474068	SRR474176
SRR465855	SRR474092
SRR465813	SRR465837
SRR471013	SRR471097
SRR465789	SRR465873
SRR463012	SRR462964
SRR462988	SRR463030
SRR473840	SRR462940
SRR473924	SRR473864
SRR473816	SRR473984
SRR470000	SRR470024
SRR468685	SRR468625
SRR468337	SRR469976
SRR468313	SRR468421
SRR468361	SRR468253
SRR458567	SRR458615
SRR458543	SRR458591
SRR458519	SRR464889
SRR464997	SRR464973
SRR468985	SRR468505
SRR468925	SRR468805
SRR472945	SRR468865
SRR460038	SRR471157
SRR459996	SRR459948
SRR464829	SRR464913
SRR472177	SRR468745
SRR472129	SRR472081
SRR472153	SRR472105
SRR472063	SRR471997
SRR461561	SRR461645
SRR472882	SRR461705
SRR472015	SRR461621
SRR472039	SRR471973
SRR465129	SRR465081
SRR459972	SRR460020
SRR465021	SRR465153
SRR458633	SRR465105
SRR472417	SRR461765
SRR458657	SRR458705
SRR472297	SRR472237
SRR472357	SRR472496
SRR473245	SRR473269
SRR458681	SRR458729
SRR461465	SRR461513
SRR461441	SRR461537
SRR466865	SRR466817
SRR464787	SRR464721
SRR466841	SRR466889
SRR466557	SRR466605
SRR466629	SRR466653
SRR464805	SRR464739
SRR460086	SRR466581
SRR460104	SRR460062
SRR474935	SRR464763
SRR474953	SRR475001
SRR474977	SRR474911
SRR474359	SRR474280
SRR474438	SRR474517
SRR465371	SRR474220
SRR465213	SRR465431
SRR465510	SRR465292
SRR467858	SRR468095
SRR473166	SRR473005
SRR468174	SRR467937
SRR473087	SRR468016
SRR485163	SRR461973
SRR485381	SRR485242
SRR485302	SRR485441
SRR460152	SRR460128
SRR477230	SRR475794
SRR477348	SRR475887
SRR477288	SRR475947
SRR477408	SRR476063
SRR477829	SRR476121
SRR477889	SRR476413
SRR478063	SRR476295
SRR477947	SRR476355
SRR477592	SRR476237
SRR477768	SRR476785
SRR477650	SRR476959
SRR477114	SRR477017
SRR477172	SRR476843
SRR478241	SRR476901
SRR478299	SRR476591
SRR478357	SRR476471
SRR478121	SRR476531
SRR478181	SRR476649
SRR5876699	SRR5876778
SRR5876700	SRR5876788
SRR5876711	SRR5876789
SRR5876722	SRR5876790
SRR5876724	SRR5876791
SRR5876725	SRR5876792
SRR5876726	SRR5876793
SRR5876727	SRR5876794
SRR5876728	SRR5876795
SRR5876729	SRR5876796
SRR5876730	SRR5876798
SRR5876731	SRR5876779
SRR5876732	SRR5876799
SRR5876733	SRR5876800
SRR5876734	SRR5876801
SRR5876735	SRR5876802
SRR5876736	SRR5876803
SRR5876737	SRR5876804
SRR5876738	SRR5876805
SRR5876739	SRR5876806
SRR5876740	SRR5876807
SRR5876741	SRR5876809
SRR5876742	SRR5876780
SRR5876743	SRR5876810
SRR5876744	SRR5876811
SRR5876745	SRR5876812
SRR5876746	SRR5876813
SRR5876747	SRR5876814
SRR5876748	SRR5876815
SRR5876749	SRR5876816
SRR5876750	SRR5876817
SRR5876751	SRR5876818
SRR5876752	SRR5876701
SRR5876753	SRR5876781
SRR5876754	SRR5876702
SRR5876755	SRR5876703
SRR5876756	SRR5876704
SRR5876757	SRR5876705
SRR5876758	SRR5876706
SRR5876759	SRR5876706
SRR5876760	SRR5876706
SRR5876761	SRR5876707
SRR5876762	SRR5876708
SRR5876763	SRR5876709
SRR5876765	SRR5876710
SRR5876766	SRR5876712
SRR5876764	SRR5876782
SRR5876767	SRR5876713
SRR5876768	SRR5876714
SRR5876769	SRR5876715
SRR5876770	SRR5876716
SRR5876771	SRR5876717
SRR5876772	SRR5876718
SRR5876773	SRR5876719
SRR5876774	SRR5876720
SRR5876776	SRR5876721
SRR5876777	SRR5876723
SRR5876775	SRR5876783
SRR5876786	SRR5876784
SRR5876797	SRR5876785
SRR5876808	SRR5876787
SRR3146834	SRR3146849
SRR3146839	SRR3146917
SRR3146915	SRR3146756
SRR3146978	SRR3146799
SRR3146793	SRR3146907
SRR3146741	SRR3146938
SRR3146979	SRR3146795
SRR3146833	SRR3146872
SRR3146955	SRR3146734
SRR3146821	SRR3146796
SRR3146906	SRR3146964
SRR3146886	SRR3146964
SRR3146784	SRR3146964
SRR3146750	SRR3146964
SRR3146926	SRR3146877
SRR3146888	SRR3146851
SRR3146801	SRR3146893
SRR3146940	SRR3146835
SRR3146919	SRR3146900
SRR3146932	SRR3146931
SRR3146721	SRR3146946
SRR3146775	SRR3146752
SRR3146815	SRR3146963
SRR3146873	SRR3146805
SRR3146925	SRR3146743
SRR3146717	SRR3146743
SRR3146753	SRR3146905
SRR3146781	SRR3146766
SRR3146788	SRR3146792
SRR3146836	SRR3146730
SRR3146948	SRR3146728
SRR3146809	SRR3146928
SRR3146844	SRR3146867
SRR3146810	SRR3146751
SRR3146874	SRR3146783
SRR3146922	SRR3146934
SRR3146952	SRR3146942
SRR3146920	SRR3146949
SRR3146762	SRR3146816
SRR3146869	SRR3146816
SRR3146745	SRR3146816
SRR3146742	SRR3146816
SRR3146971	SRR3146716
SRR3146975	SRR3146798
SRR3146846	SRR3146798
SRR3146774	SRR3146798
SRR3146896	SRR3146858
SRR3146806	SRR3146858
SRR3146968	SRR3146889
SRR3146727	SRR3146860
SRR3146923	SRR3146758
SRR3146890	SRR3146791
SRR3146969	SRR3146733
SRR3146883	SRR3146808
SRR3146778	SRR3146868
SRR3146828	SRR3146780
SRR3146738	SRR3146723
SRR3146918	SRR3146973
SRR3146884	SRR3146956
SRR3146912	SRR3146880
SRR3146761	SRR3146818
SRR3146825	SRR3146820
SRR3146840	SRR3146794
SRR3146763	SRR3146960
SRR3146958	SRR3146711
SRR3146903	SRR3146807
SRR3146776	SRR3146746
SRR3146853	SRR3146712
SRR3146929	SRR3146832
SRR3146936	SRR3146814
SRR3146962	SRR3146786
SRR3146755	SRR3146772
SRR3146768	SRR3146737
SRR3146916	SRR3146965
SRR3146773	SRR3146954
SRR3146765	SRR3146767
SRR3146720	SRR3146947
SRR3146937	SRR3146866
SRR3146904	SRR3146895
SRR3146789	SRR3146959
SRR3146901	SRR3146898
SRR3146838	SRR3146822
SRR3146972	SRR3146732
SRR3146951	SRR3146790
SRR3146813	SRR3146864
SRR3146879	SRR3146856
SRR3146850	SRR3146930
SRR3146811	SRR3146722
SRR3146800	SRR3146817
SRR3146740	SRR3146863
SRR3146725	SRR3146976
SRR3146943	SRR3146966
SRR3146871	SRR3146713
SRR3146865	SRR3146713
SRR3146855	SRR3146713
SRR3146760	SRR3146842
SRR3146953	SRR3146970
SRR3146827	SRR3146970
SRR3146812	SRR3146735
SRR3146909	SRR3146782
SRR3146921	SRR3146754
SRR3146887	SRR3146754
SRR3146967	SRR3146924
SRR3146731	SRR3146924
SRR3146933	SRR3146830
SRR3146831	SRR3146830
SRR3146715	SRR3146830
SRR3146777	SRR3146911
SRR8304753	SRR8304739
SRR8304741	SRR8304747
SRR8304748	SRR8304755
SRR8304740	SRR8304746
SRR8304754	SRR8304751
SRR8304758	SRR8304750
SRR8307132	SRR8304752
SRR8304759	SRR8304749
SRR8304757	SRR8304762
SRR8304763	SRR8304760
SRR8304824	SRR8304825
SRR2404067	SRR8321243
SRR2404230	SRR2404158
SRR2404024	SRR2404128
SRR2404185	SRR2404207
SRR2404095	SRR2407084
SRR2407078	SRR2403935
SRR8304826	SRR8304823
SRR2404278	SRR2404284
SRR2404302	SRR2404257
SRR8304830	SRR8304822
SRR8304832	SRR8304829
SRR8304839	SRR8304836
SRR8304838	SRR8304841
SRR8304834	SRR8304831
SRR8307441	SRR8307256
SRR8324618	SRR8307263
SRR8321662	SRR8307260
SRR8307498	SRR8307134
SRR8304837	SRR8304842
SRR8304843	SRR8304835
SRR3018013	SRR3018015
SRR8311838	SRR3018018
SRR8311840	SRR8311839
SRR8311846	SRR8311845
SRR8311849	SRR8311850
SRR8311852	SRR8311853
SRR8311857	SRR8311858
SRR8311864	SRR8311865
SRR8311868	SRR8311869
SRR8311872	SRR8311873
SRR8311876	SRR8311877
SRR8311896	SRR8311897
SRR8311885	SRR8311886
SRR8311891	SRR8311892
SRR8311907	SRR8311908
SRR8311904	SRR8311899
SRR8311909	SRR8311910
SRR8311911	SRR8311912
SRR8311916	SRR8311917
SRR8311926	SRR8311927
SRR8311874	SRR8311875
SRR8311930	SRR8311898
SRR8311958	SRR8311959
SRR8311946	SRR8311947
SRR8311953	SRR8311954
SRR8311933	SRR8311934
SRR8311962	SRR8311963
SRR8311978	SRR8311979
SRR8311944	SRR8311945
SRR8311991	SRR8311992
SRR8311924	SRR8311925
SRR8311999	SRR8312000
SRR8311970	SRR8311971
SRR8311974	SRR8311975
SRR8311984	SRR8311985
SRR8311986	SRR8311987
SRR8311993	SRR8311994
SRR8311935	SRR8311936
SRR8311968	SRR8311969
SRR8312004	SRR8312005
SRR8312028	SRR8312029
SRR8312012	SRR8312013
SRR8311905	SRR8311906
SRR8311931	SRR8311932
SRR8312022	SRR8312023
SRR8312001	SRR8312002
SRR8312040	SRR8312041
SRR8312030	SRR8312031
SRR8312042	SRR8312043
SRR8312045	SRR8312046
SRR8312049	SRR8312050
SRR8312075	SRR8312076
SRR8312068	SRR8312069
SRR8312070	SRR8312071
SRR8312096	SRR8312097
SRR8311598	SRR8311599
SRR8311600	SRR8311601
SRR8311619	SRR8311620
SRR8311627	SRR8311628
SRR8311580	SRR8311581
SRR8311644	SRR8311645
SRR8311667	SRR8311668
SRR8311652	SRR8311653
SRR8311623	SRR8311624
SRR8311692	SRR8311693
SRR8311694	SRR8311695
SRR8311697	SRR8311698
SRR8311714	SRR8311715
SRR8311716	SRR8311717
SRR8311718	SRR8311719
SRR8311720	SRR8311721
SRR8311745	SRR8311746
SRR8311749	SRR8311750
SRR8311751	SRR8311752
SRR8311791	SRR8311792
SRR8311795	SRR8311796
SRR3018193	SRR3018195
SRR3018198	SRR3018196
SRR3018200	SRR3018201
SRR8307101	SRR8304871
SRR8307103	SRR8307116
SRR8307109	SRR8307111
SRR8307108	SRR8307130
SRR8307106	SRR8307114
SRR8307110	SRR8307262
SRR8307112	SRR8307104
SRR8307113	SRR8307118
SRR8307119	SRR8307115
SRR8307105	SRR8307102
SRR8307505	SRR8307500
SRR8307501	SRR8307107
SRR8307502	SRR8307504
SRR8316704	SRR8307503
SRR8316710	SRR8316706
SRR8316709	SRR8316707
SRR8316705	SRR8307261
SRR8316753	SRR8307442
SRR8316754	SRR8307293
SRR8316758	SRR8307259
SRR8316755	SRR8324617
SRR8316756	SRR8307506
SRR8316757	SRR8307452
SRR8316918	SRR8324615
SRR8316923	SRR8324611
SRR8316915	SRR8307448
SRR8316920	SRR8307450
SRR8316919	SRR8307499
SRR8316910	SRR8324614
SRR8316924	SRR8307447
SRR8316922	SRR8307449
SRR8316925	SRR8324616
SRR8316921	SRR8307451
SRR8307126	SRR8324612
SRR8307136	SRR8307453
SRR8307128	SRR8324610
SRR8307258	SRR8324613
SRR4043970	SRR4043817
SRR4044013	SRR4043942
SRR4043923	SRR4043930
SRR4043959	SRR4043973
SRR4043919	SRR4043829
SRR4043929	SRR4043886
SRR4043874	SRR4043869
SRR4043878	SRR4043901
SRR4043877	SRR4043951
SRR4043814	SRR4043969
SRR4043856	SRR4043834
SRR4043904	SRR4043794
SRR4043895	SRR4043994
SRR4043997	SRR4043844
SRR4043920	SRR4043880
SRR4043811	SRR4043790
SRR4043858	SRR4043846
SRR4043875	SRR4043979
SRR4044023	SRR4043935
SRR4043905	SRR4043824
SRR4043809	SRR4043974
SRR4043810	SRR4043847
SRR4044001	SRR4043903
SRR4043990	SRR4043828
SRR4043964	SRR4043823
SRR4043962	SRR4043838
SRR4043948	SRR4043999
SRR4043957	SRR4043943
SRR4043820	SRR4043819
SRR4044002	SRR4043917
SRR4043837	SRR4043787
SRR4043981	SRR4044015
SRR4043909	SRR4043900
SRR4043793	SRR4044017
SRR4044004	SRR4043996
SRR4043907	SRR4043952
SRR4043876	SRR4043801
SRR4044012	SRR4043991
SRR4043795	SRR4043982
SRR4043939	SRR4043888
SRR4044006	SRR4043818
SRR4043960	SRR4043865
SRR4043933	SRR4043808
SRR4043868	SRR4043782
SRR4043833	SRR4043882
SRR4043892	SRR4043861
SRR4043832	SRR4043885
SRR4043956	SRR4043815
SRR4043953	SRR4043859
SRR4043934	SRR4043872
SRR4043822	SRR4043792
SRR4043826	SRR4043784
SRR4043931	SRR4044018
SRR4043910	SRR4043976
SRR4043848	SRR4043871
SRR4043989	SRR4043891
SRR4043825	SRR4044022
SRR4043866	SRR4043998
SRR4043840	SRR4043944
SRR4044024	SRR4043896
SRR4043800	SRR4043884
SRR4043902	SRR4043789
SRR4043949	SRR4043883
SRR4043799	SRR4043870
SRR4043852	SRR4043916
SRR4043941	SRR4043922
SRR4043993	SRR4044000
SRR4043977	SRR4043867
SRR4044014	SRR4043863
SRR4043845	SRR4043798
SRR4043890	SRR4043924
SRR4043830	SRR4044011
SRR4043988	SRR4043788
SRR4044009	SRR4043946
SRR4043918	SRR4043913
SRR4043791	SRR4044007
SRR4043806	SRR4043978
SRR469952	SRR470048
SRR461489	SRR466793
SRR477466	SRR475725
SRR478005	SRR476005
SRR477710	SRR476179
SRR486768	SRR476707
TCGA-J9-A8CN-01	TCGA-J9-A8CN-10
TCGA-V1-A8MM-01	TCGA-V1-A8MM-10
TCGA-EJ-A46H-01	TCGA-EJ-A46H-10
TCGA-HC-7078-01	TCGA-HC-7078-10
TCGA-VN-A88K-01	TCGA-VN-A88K-10
TCGA-2A-A8VL-01	TCGA-2A-A8VL-10
TCGA-HC-7821-01	TCGA-HC-7821-10
TCGA-J4-A67K-01	TCGA-J4-A67K-10
TCGA-ZG-A9LN-01	TCGA-ZG-A9LN-10
TCGA-M7-A721-01	TCGA-M7-A721-10
TCGA-V1-A9OH-01	TCGA-V1-A9OH-10
TCGA-HC-A8D0-01	TCGA-HC-A8D0-10
TCGA-CH-5768-01	TCGA-CH-5768-11
TCGA-KK-A7B1-01	TCGA-KK-A7B1-11
TCGA-2A-A8VX-01	TCGA-2A-A8VX-10
TCGA-V1-A8MK-01	TCGA-V1-A8MK-10
TCGA-HC-A8D1-01	TCGA-HC-A8D1-10
TCGA-KK-A7AY-01	TCGA-KK-A7AY-11
TCGA-KK-A8IJ-01	TCGA-KK-A8IJ-11
TCGA-YL-A8SF-01	TCGA-YL-A8SF-10
TCGA-KK-A8I4-01	TCGA-KK-A8I4-11
TCGA-X4-A8KS-01	TCGA-X4-A8KS-10
TCGA-YL-A9WX-01	TCGA-YL-A9WX-10
TCGA-VP-A87C-01	TCGA-VP-A87C-10
TCGA-J4-AATZ-01	TCGA-J4-AATZ-10
TCGA-YL-A8SO-01	TCGA-YL-A8SO-10
TCGA-EJ-5505-01	TCGA-EJ-5505-10
TCGA-HC-7748-01	TCGA-HC-7748-10
TCGA-Y6-A9XI-01	TCGA-Y6-A9XI-10
TCGA-HC-A6AQ-01	TCGA-HC-A6AQ-10
TCGA-KC-A7FA-01	TCGA-KC-A7FA-10
TCGA-EJ-A46I-01	TCGA-EJ-A46I-10
TCGA-HC-7736-01	TCGA-HC-7736-10
TCGA-J9-A52E-01	TCGA-J9-A52E-10
TCGA-ZG-A9NI-01	TCGA-ZG-A9NI-10
TCGA-EJ-5530-01	TCGA-EJ-5530-10
TCGA-G9-6385-01	TCGA-G9-6385-10
TCGA-EJ-7793-01	TCGA-EJ-7793-10
TCGA-EJ-7321-01	TCGA-EJ-7321-10
TCGA-J4-A67S-01	TCGA-J4-A67S-10
TCGA-YL-A8HL-01	TCGA-YL-A8HL-10
TCGA-H9-A6BX-01	TCGA-H9-A6BX-10
TCGA-G9-6362-01	TCGA-G9-6362-10
TCGA-CH-5789-01	TCGA-CH-5789-10
TCGA-KK-A59Z-01	TCGA-KK-A59Z-11
TCGA-KK-A8ID-01	TCGA-KK-A8ID-11
TCGA-G9-6378-01	TCGA-G9-6378-10
TCGA-EJ-5524-01	TCGA-EJ-5524-10
TCGA-HC-7231-01	TCGA-HC-7231-10
TCGA-HC-7213-01	TCGA-HC-7213-10
TCGA-KK-A8I8-01	TCGA-KK-A8I8-11
TCGA-CH-5754-01	TCGA-CH-5754-10
TCGA-FC-A8O0-01	TCGA-FC-A8O0-10
TCGA-XJ-A9DQ-01	TCGA-XJ-A9DQ-10
TCGA-EJ-7797-01	TCGA-EJ-7797-10
TCGA-XA-A8JR-01	TCGA-XA-A8JR-10
TCGA-EJ-5516-01	TCGA-EJ-5516-10
TCGA-EJ-8469-01	TCGA-EJ-8469-10
TCGA-J9-A52B-01	TCGA-J9-A52B-10
TCGA-CH-5767-01	TCGA-CH-5767-11
TCGA-KC-A4BO-01	TCGA-KC-A4BO-10
TCGA-EJ-7331-01	TCGA-EJ-7331-10
TCGA-XK-AAK1-01	TCGA-XK-AAK1-10
TCGA-EJ-AB20-01	TCGA-EJ-AB20-10
TCGA-HC-8213-01	TCGA-HC-8213-10
TCGA-J4-A6G1-01	TCGA-J4-A6G1-10
TCGA-G9-6336-01	TCGA-G9-6336-10
TCGA-J4-A67Q-01	TCGA-J4-A67Q-10
TCGA-ZG-A9LS-01	TCGA-ZG-A9LS-10
TCGA-KK-A59X-01	TCGA-KK-A59X-11
TCGA-KC-A7FE-01	TCGA-KC-A7FE-10
TCGA-HC-7819-01	TCGA-HC-7819-10
TCGA-HC-8257-01	TCGA-HC-8257-10
TCGA-G9-6366-01	TCGA-G9-6366-10
TCGA-J4-A83L-01	TCGA-J4-A83L-10
TCGA-HC-8259-01	TCGA-HC-8259-10
TCGA-XQ-A8TB-01	TCGA-XQ-A8TB-10
TCGA-KK-A6E1-01	TCGA-KK-A6E1-11
TCGA-VP-A878-01	TCGA-VP-A878-10
TCGA-VP-A872-01	TCGA-VP-A872-10
TCGA-G9-6356-01	TCGA-G9-6356-10
TCGA-J4-AATV-01	TCGA-J4-AATV-10
TCGA-YL-A9WH-01	TCGA-YL-A9WH-10
TCGA-HC-8260-01	TCGA-HC-8260-10
TCGA-KK-A7AU-01	TCGA-KK-A7AU-11
TCGA-KK-A59Y-01	TCGA-KK-A59Y-11
TCGA-2A-A8VV-01	TCGA-2A-A8VV-10
TCGA-KC-A7F6-01	TCGA-KC-A7F6-10
TCGA-EJ-7123-01	TCGA-EJ-7123-10
TCGA-V1-A8WV-01	TCGA-V1-A8WV-10
TCGA-V1-A9OY-01	TCGA-V1-A9OY-10
TCGA-HC-7742-01	TCGA-HC-7742-10
TCGA-KK-A7B0-01	TCGA-KK-A7B0-11
TCGA-EJ-7125-01	TCGA-EJ-7125-10
TCGA-VN-A88P-01	TCGA-VN-A88P-10
TCGA-ZG-A9KY-01	TCGA-ZG-A9KY-10
TCGA-CH-5748-01	TCGA-CH-5748-10
TCGA-KK-A8IC-01	TCGA-KK-A8IC-11
TCGA-CH-5739-01	TCGA-CH-5739-10
TCGA-M7-A725-01	TCGA-M7-A725-10
TCGA-HC-A76W-01	TCGA-HC-A76W-10
TCGA-XQ-A8TA-01	TCGA-XQ-A8TA-10
TCGA-VN-A88O-01	TCGA-VN-A88O-10
TCGA-ZG-A9LM-01	TCGA-ZG-A9LM-10
TCGA-EJ-AB27-01	TCGA-EJ-AB27-10
TCGA-G9-6351-01	TCGA-G9-6351-10
TCGA-HI-7169-01	TCGA-HI-7169-10
TCGA-J4-A67T-01	TCGA-J4-A67T-10
TCGA-G9-6347-01	TCGA-G9-6347-10
TCGA-ZG-A9M4-01	TCGA-ZG-A9M4-10
TCGA-QU-A6IO-01	TCGA-QU-A6IO-10
TCGA-CH-5764-01	TCGA-CH-5764-11
TCGA-KK-A7AZ-01	TCGA-KK-A7AZ-11
TCGA-G9-6353-01	TCGA-G9-6353-10
TCGA-EJ-A65G-01	TCGA-EJ-A65G-10
TCGA-G9-7510-01	TCGA-G9-7510-10
TCGA-EJ-7325-01	TCGA-EJ-7325-10
TCGA-M7-A71Y-01	TCGA-M7-A71Y-10
TCGA-G9-6498-01	TCGA-G9-6498-10
TCGA-HC-A632-01	TCGA-HC-A632-10
TCGA-HC-7820-01	TCGA-HC-7820-10
TCGA-J4-A83J-01	TCGA-J4-A83J-10
TCGA-ZG-A9LZ-01	TCGA-ZG-A9LZ-10
TCGA-EJ-5522-01	TCGA-EJ-5522-10
TCGA-EJ-5502-01	TCGA-EJ-5502-10
TCGA-EJ-7786-01	TCGA-EJ-7786-10
TCGA-G9-6370-01	TCGA-G9-6370-10
TCGA-HC-A6AS-01	TCGA-HC-A6AS-10
TCGA-EJ-A46B-01	TCGA-EJ-A46B-10
TCGA-J4-A83N-01	TCGA-J4-A83N-10
TCGA-EJ-5542-01	TCGA-EJ-5542-10
TCGA-KC-A4BV-01	TCGA-KC-A4BV-10
TCGA-M7-A723-01	TCGA-M7-A723-10
TCGA-HC-A4ZV-01	TCGA-HC-A4ZV-10
TCGA-HC-7817-01	TCGA-HC-7817-10
TCGA-EJ-5501-01	TCGA-EJ-5501-10
TCGA-EJ-7318-01	TCGA-EJ-7318-10
TCGA-VP-A87D-01	TCGA-VP-A87D-10
TCGA-J9-A52D-01	TCGA-J9-A52D-10
TCGA-HC-A76X-01	TCGA-HC-A76X-10
TCGA-2A-A8W3-01	TCGA-2A-A8W3-10
TCGA-FC-A6HD-01	TCGA-FC-A6HD-10
TCGA-ZG-A9L2-01	TCGA-ZG-A9L2-10
TCGA-FC-A5OB-01	TCGA-FC-A5OB-10
TCGA-YL-A8HK-01	TCGA-YL-A8HK-10
TCGA-G9-6348-01	TCGA-G9-6348-10
TCGA-YL-A8SL-01	TCGA-YL-A8SL-10
TCGA-EJ-5519-01	TCGA-EJ-5519-10
TCGA-EJ-A8FS-01	TCGA-EJ-A8FS-10
TCGA-J4-A67O-01	TCGA-J4-A67O-10
TCGA-ZG-A8QW-01	TCGA-ZG-A8QW-10
TCGA-ZG-A9L6-01	TCGA-ZG-A9L6-10
TCGA-VN-A88I-01	TCGA-VN-A88I-10
TCGA-VP-A87J-01	TCGA-VP-A87J-10
TCGA-EJ-8474-01	TCGA-EJ-8474-10
TCGA-YJ-A8SW-01	TCGA-YJ-A8SW-10
TCGA-VP-A876-01	TCGA-VP-A876-10
TCGA-EJ-8468-01	TCGA-EJ-8468-10
TCGA-HC-7230-01	TCGA-HC-7230-10
TCGA-EJ-5498-01	TCGA-EJ-5498-10
TCGA-2A-A8W1-01	TCGA-2A-A8W1-10
TCGA-J4-A83M-01	TCGA-J4-A83M-10
TCGA-HC-A6AL-01	TCGA-HC-A6AL-10
TCGA-EJ-5499-01	TCGA-EJ-5499-10
TCGA-XK-AAJ3-01	TCGA-XK-AAJ3-10
TCGA-G9-6332-01	TCGA-G9-6332-10
TCGA-TK-A8OK-01	TCGA-TK-A8OK-10
TCGA-HC-8216-01	TCGA-HC-8216-10
TCGA-VN-A88L-01	TCGA-VN-A88L-10
TCGA-HC-A9TE-01	TCGA-HC-A9TE-10
TCGA-EJ-A7NK-01	TCGA-EJ-A7NK-10
TCGA-EJ-5494-01	TCGA-EJ-5494-10
TCGA-KK-A8IF-01	TCGA-KK-A8IF-11
TCGA-XJ-A9DX-01	TCGA-XJ-A9DX-10
TCGA-J4-A67M-01	TCGA-J4-A67M-10
TCGA-V1-A9ZG-01	TCGA-V1-A9ZG-10
TCGA-EJ-A65M-01	TCGA-EJ-A65M-10
TCGA-HC-7745-01	TCGA-HC-7745-10
TCGA-KK-A6DY-01	TCGA-KK-A6DY-11
TCGA-EJ-7791-01	TCGA-EJ-7791-10
TCGA-V1-A9O9-01	TCGA-V1-A9O9-10
TCGA-X4-A8KQ-01	TCGA-X4-A8KQ-10
TCGA-HC-7750-01	TCGA-HC-7750-10
TCGA-XK-AAJT-01	TCGA-XK-AAJT-10
TCGA-CH-5740-01	TCGA-CH-5740-10
TCGA-H9-A6BY-01	TCGA-H9-A6BY-10
TCGA-XK-AAIW-01	TCGA-XK-AAIW-10
TCGA-J4-AAU2-01	TCGA-J4-AAU2-10
TCGA-YL-A8SH-01	TCGA-YL-A8SH-10
TCGA-YL-A8SQ-01	TCGA-YL-A8SQ-10
TCGA-KK-A8IA-01	TCGA-KK-A8IA-11
TCGA-EJ-A7NJ-01	TCGA-EJ-A7NJ-10
TCGA-XJ-A83F-01	TCGA-XJ-A83F-10
TCGA-M7-A720-01	TCGA-M7-A720-10
TCGA-VP-A875-01	TCGA-VP-A875-10
TCGA-EJ-A46D-01	TCGA-EJ-A46D-10
TCGA-EJ-A65B-01	TCGA-EJ-A65B-10
TCGA-V1-A9O5-01	TCGA-V1-A9O5-10
TCGA-KC-A4BL-01	TCGA-KC-A4BL-10
TCGA-KK-A6E5-01	TCGA-KK-A6E5-11
TCGA-HC-8264-01	TCGA-HC-8264-10
TCGA-YL-A8HJ-01	TCGA-YL-A8HJ-10
TCGA-CH-5763-01	TCGA-CH-5763-11
TCGA-G9-6496-01	TCGA-G9-6496-10
TCGA-KK-A6E6-01	TCGA-KK-A6E6-11
TCGA-CH-5741-01	TCGA-CH-5741-10
TCGA-G9-6363-01	TCGA-G9-6363-10
TCGA-KK-A7AQ-01	TCGA-KK-A7AQ-11
TCGA-EJ-7115-01	TCGA-EJ-7115-10
TCGA-HC-A6HY-01	TCGA-HC-A6HY-10
TCGA-G9-6494-01	TCGA-G9-6494-10
TCGA-G9-6343-01	TCGA-G9-6343-10
TCGA-EJ-5512-01	TCGA-EJ-5512-10
TCGA-QU-A6IL-01	TCGA-QU-A6IL-10
TCGA-XK-AAIV-01	TCGA-XK-AAIV-10
TCGA-YL-A8S9-01	TCGA-YL-A8S9-10
TCGA-FC-7961-01	TCGA-FC-7961-10
TCGA-EJ-A65J-01	TCGA-EJ-A65J-10
TCGA-EJ-5504-01	TCGA-EJ-5504-10
TCGA-G9-6369-01	TCGA-G9-6369-10
TCGA-QU-A6IN-01	TCGA-QU-A6IN-10
TCGA-KK-A7B3-01	TCGA-KK-A7B3-11
TCGA-CH-5753-01	TCGA-CH-5753-10
TCGA-G9-7519-01	TCGA-G9-7519-10
TCGA-V1-A9Z8-01	TCGA-V1-A9Z8-10
TCGA-HC-7818-01	TCGA-HC-7818-10
TCGA-G9-6338-01	TCGA-G9-6338-10
TCGA-CH-5765-01	TCGA-CH-5765-11
TCGA-G9-6361-01	TCGA-G9-6361-10
TCGA-EJ-A7NG-01	TCGA-EJ-A7NG-10
TCGA-CH-5744-01	TCGA-CH-5744-10
TCGA-VN-A943-01	TCGA-VN-A943-10
TCGA-G9-6365-01	TCGA-G9-6365-10
TCGA-EJ-7317-01	TCGA-EJ-7317-10
TCGA-EJ-7218-01	TCGA-EJ-7218-10
TCGA-CH-5750-01	TCGA-CH-5750-10
TCGA-2A-AAYF-01	TCGA-2A-AAYF-10
TCGA-KK-A8I6-01	TCGA-KK-A8I6-11
TCGA-J9-A52C-01	TCGA-J9-A52C-10
TCGA-YL-A8HM-01	TCGA-YL-A8HM-10
TCGA-MG-AAMC-01	TCGA-MG-AAMC-10
TCGA-M7-A724-01	TCGA-M7-A724-10
TCGA-KK-A8IM-01	TCGA-KK-A8IM-11
TCGA-G9-7509-01	TCGA-G9-7509-10
TCGA-VP-A87B-01	TCGA-VP-A87B-10
TCGA-KK-A7B2-01	TCGA-KK-A7B2-11
TCGA-EJ-5507-01	TCGA-EJ-5507-10
TCGA-V1-A9ZI-01	TCGA-V1-A9ZI-10
TCGA-KK-A8IK-01	TCGA-KK-A8IK-11
TCGA-EJ-5495-01	TCGA-EJ-5495-10
TCGA-G9-6339-01	TCGA-G9-6339-10
TCGA-EJ-5511-01	TCGA-EJ-5511-10
TCGA-VP-A879-01	TCGA-VP-A879-10
TCGA-J4-A67R-01	TCGA-J4-A67R-10
TCGA-VP-A87E-01	TCGA-VP-A87E-10
TCGA-YL-A8SB-01	TCGA-YL-A8SB-10
TCGA-G9-6373-01	TCGA-G9-6373-10
TCGA-EJ-7789-01	TCGA-EJ-7789-10
TCGA-CH-5743-01	TCGA-CH-5743-10
TCGA-EJ-5518-01	TCGA-EJ-5518-10
TCGA-HI-7171-01	TCGA-HI-7171-10
TCGA-VN-A88M-01	TCGA-VN-A88M-10
TCGA-ZG-A9L9-01	TCGA-ZG-A9L9-10
TCGA-EJ-A7NF-01	TCGA-EJ-A7NF-10
TCGA-HC-A48F-01	TCGA-HC-A48F-10
TCGA-YL-A8HO-01	TCGA-YL-A8HO-10
TCGA-HC-7740-01	TCGA-HC-7740-10
TCGA-Y6-A8TL-01	TCGA-Y6-A8TL-10
TCGA-HC-A631-01	TCGA-HC-A631-10
TCGA-EJ-5521-01	TCGA-EJ-5521-10
TCGA-G9-6354-01	TCGA-G9-6354-10
TCGA-EJ-5515-01	TCGA-EJ-5515-10
TCGA-V1-A8MU-01	TCGA-V1-A8MU-10
TCGA-EJ-A65E-01	TCGA-EJ-A65E-10
TCGA-EJ-A46F-01	TCGA-EJ-A46F-10
TCGA-HC-8265-01	TCGA-HC-8265-10
TCGA-XJ-A83H-01	TCGA-XJ-A83H-10
TCGA-EJ-A8FO-01	TCGA-EJ-A8FO-10
TCGA-KK-A7B4-01	TCGA-KK-A7B4-11
TCGA-YL-A8SC-01	TCGA-YL-A8SC-10
TCGA-V1-A9OA-01	TCGA-V1-A9OA-10
TCGA-YL-A8SK-01	TCGA-YL-A8SK-10
TCGA-EJ-7794-01	TCGA-EJ-7794-10
TCGA-HC-8262-01	TCGA-HC-8262-10
TCGA-QU-A6IP-01	TCGA-QU-A6IP-10
TCGA-ZG-A8QX-01	TCGA-ZG-A8QX-10
TCGA-G9-6499-01	TCGA-G9-6499-10
TCGA-EJ-7328-01	TCGA-EJ-7328-10
TCGA-EJ-A8FN-01	TCGA-EJ-A8FN-10
TCGA-EJ-A6RA-01	TCGA-EJ-A6RA-10
TCGA-CH-5751-01	TCGA-CH-5751-10
TCGA-J4-A67N-01	TCGA-J4-A67N-10
TCGA-HC-A6AN-01	TCGA-HC-A6AN-10
TCGA-EJ-7315-01	TCGA-EJ-7315-10
TCGA-V1-A8MJ-01	TCGA-V1-A8MJ-10
TCGA-KC-A7FD-01	TCGA-KC-A7FD-10
TCGA-EJ-A6RC-01	TCGA-EJ-A6RC-10
TCGA-EJ-5514-01	TCGA-EJ-5514-10
TCGA-CH-5772-01	TCGA-CH-5772-11
TCGA-KK-A59V-01	TCGA-KK-A59V-11
TCGA-V1-A8WL-01	TCGA-V1-A8WL-10
TCGA-G9-A9S4-01	TCGA-G9-A9S4-10
TCGA-VN-A88N-01	TCGA-VN-A88N-10
TCGA-G9-6342-01	TCGA-G9-6342-10
TCGA-EJ-5525-01	TCGA-EJ-5525-10
TCGA-J4-A67L-01	TCGA-J4-A67L-10
TCGA-EJ-5503-01	TCGA-EJ-5503-10
TCGA-KC-A7F3-01	TCGA-KC-A7F3-10
TCGA-V1-A8MF-01	TCGA-V1-A8MF-10
TCGA-CH-5752-01	TCGA-CH-5752-10
TCGA-HC-8266-01	TCGA-HC-8266-10
TCGA-HC-A6HX-01	TCGA-HC-A6HX-10
TCGA-YL-A9WI-01	TCGA-YL-A9WI-10
TCGA-YL-A9WJ-01	TCGA-YL-A9WJ-10
TCGA-WW-A8ZI-01	TCGA-WW-A8ZI-10
TCGA-V1-A8WN-01	TCGA-V1-A8WN-10
TCGA-HC-8256-01	TCGA-HC-8256-10
TCGA-HC-A9TH-01	TCGA-HC-A9TH-10
TCGA-HC-7212-01	TCGA-HC-7212-10
TCGA-KK-A8IL-01	TCGA-KK-A8IL-11
TCGA-TP-A8TT-01	TCGA-TP-A8TT-10
TCGA-ZG-A9LB-01	TCGA-ZG-A9LB-10
TCGA-XK-AAJR-01	TCGA-XK-AAJR-10
TCGA-HC-7737-01	TCGA-HC-7737-11
TCGA-EJ-5510-01	TCGA-EJ-5510-10
TCGA-EJ-7327-01	TCGA-EJ-7327-10
TCGA-EJ-5497-01	TCGA-EJ-5497-10
TCGA-EJ-A8FU-01	TCGA-EJ-A8FU-10
TCGA-EJ-5517-01	TCGA-EJ-5517-10
TCGA-G9-A9S0-01	TCGA-G9-A9S0-10
TCGA-CH-5769-01	TCGA-CH-5769-11
TCGA-2A-A8VO-01	TCGA-2A-A8VO-10
TCGA-G9-6329-01	TCGA-G9-6329-10
TCGA-G9-6364-01	TCGA-G9-6364-10
TCGA-KK-A6E7-01	TCGA-KK-A6E7-11
TCGA-HC-7744-01	TCGA-HC-7744-10
TCGA-HC-8261-01	TCGA-HC-8261-10
TCGA-XJ-A9DK-01	TCGA-XJ-A9DK-10
TCGA-KK-A6E3-01	TCGA-KK-A6E3-11
TCGA-CH-5738-01	TCGA-CH-5738-10
TCGA-ZG-A9N3-01	TCGA-ZG-A9N3-10
TCGA-HC-A8CY-01	TCGA-HC-A8CY-10
TCGA-G9-7525-01	TCGA-G9-7525-10
TCGA-HC-7075-01	TCGA-HC-7075-10
TCGA-EJ-A8FP-01	TCGA-EJ-A8FP-10
TCGA-EJ-7782-01	TCGA-EJ-7782-10
TCGA-EJ-7783-01	TCGA-EJ-7783-10
TCGA-KK-A8II-01	TCGA-KK-A8II-11
TCGA-G9-7523-01	TCGA-G9-7523-10
TCGA-CH-5771-01	TCGA-CH-5771-11
TCGA-V1-A9OF-01	TCGA-V1-A9OF-10
TCGA-EJ-A7NH-01	TCGA-EJ-A7NH-10
TCGA-VN-A88Q-01	TCGA-VN-A88Q-10
TCGA-EJ-7781-01	TCGA-EJ-7781-10
TCGA-EJ-7312-01	TCGA-EJ-7312-10
TCGA-YL-A9WY-01	TCGA-YL-A9WY-10
TCGA-EJ-7330-01	TCGA-EJ-7330-10
TCGA-KC-A4BR-01	TCGA-KC-A4BR-10
TCGA-ZG-A9L5-01	TCGA-ZG-A9L5-10
TCGA-XK-AAJU-01	TCGA-XK-AAJU-10
TCGA-KK-A6E2-01	TCGA-KK-A6E2-11
TCGA-KK-A6E8-01	TCGA-KK-A6E8-11
TCGA-V1-A9Z7-01	TCGA-V1-A9Z7-10
TCGA-EJ-5527-01	TCGA-EJ-5527-10
TCGA-G9-6333-01	TCGA-G9-6333-10
TCGA-XK-AAIR-01	TCGA-XK-AAIR-10
TCGA-KK-A7AP-01	TCGA-KK-A7AP-11
TCGA-ZG-A9LY-01	TCGA-ZG-A9LY-10
TCGA-CH-5766-01	TCGA-CH-5766-11
TCGA-EJ-7792-01	TCGA-EJ-7792-10
TCGA-HC-7077-01	TCGA-HC-7077-10
TCGA-KK-A8IG-01	TCGA-KK-A8IG-11
TCGA-CH-5788-01	TCGA-CH-5788-10
TCGA-KK-A7AV-01	TCGA-KK-A7AV-11
TCGA-V1-A9OL-01	TCGA-V1-A9OL-10
TCGA-CH-5745-01	TCGA-CH-5745-10
TCGA-CH-5761-01	TCGA-CH-5761-11
TCGA-J9-A8CL-01	TCGA-J9-A8CL-10
TCGA-V1-A8ML-01	TCGA-V1-A8ML-10
TCGA-V1-A8MG-01	TCGA-V1-A8MG-10
TCGA-CH-5790-01	TCGA-CH-5790-10
TCGA-CH-5746-01	TCGA-CH-5746-10
TCGA-HC-7210-01	TCGA-HC-7210-10
TCGA-KK-A8I9-01	TCGA-KK-A8I9-11
TCGA-EJ-5509-01	TCGA-EJ-5509-10
TCGA-EJ-A46G-01	TCGA-EJ-A46G-10
TCGA-EJ-A7NN-01	TCGA-EJ-A7NN-10
TCGA-YL-A9WK-01	TCGA-YL-A9WK-10
TCGA-ZG-A9ND-01	TCGA-ZG-A9ND-10
TCGA-G9-6367-01	TCGA-G9-6367-10
TCGA-KK-A8IH-01	TCGA-KK-A8IH-11
TCGA-HC-7232-01	TCGA-HC-7232-10
TCGA-HC-8258-01	TCGA-HC-8258-10
TCGA-KK-A7AW-01	TCGA-KK-A7AW-11
TCGA-YL-A8SR-01	TCGA-YL-A8SR-10
TCGA-V1-A9ZR-01	TCGA-V1-A9ZR-10
TCGA-ZG-A9L0-01	TCGA-ZG-A9L0-10
TCGA-EJ-8472-01	TCGA-EJ-8472-10
TCGA-CH-5792-01	TCGA-CH-5792-10
TCGA-4L-AA1F-01	TCGA-4L-AA1F-10
TCGA-H9-7775-01	TCGA-H9-7775-10
TCGA-J9-A8CP-01	TCGA-J9-A8CP-10
TCGA-EJ-5532-01	TCGA-EJ-5532-10
TCGA-HC-7079-01	TCGA-HC-7079-10
TCGA-J4-8200-01	TCGA-J4-8200-10
TCGA-V1-A9OX-01	TCGA-V1-A9OX-10
TCGA-EJ-A46E-01	TCGA-EJ-A46E-10
TCGA-G9-7522-01	TCGA-G9-7522-10
TCGA-CH-5791-01	TCGA-CH-5791-10
TCGA-KK-A8IB-01	TCGA-KK-A8IB-11
TCGA-ZG-A8QZ-01	TCGA-ZG-A8QZ-10
TCGA-YL-A8SA-01	TCGA-YL-A8SA-10
TCGA-ZG-A9MC-01	TCGA-ZG-A9MC-10
TCGA-FC-A66V-01	TCGA-FC-A66V-10
TCGA-EJ-7788-01	TCGA-EJ-7788-10
TCGA-HC-7209-01	TCGA-HC-7209-10
TCGA-V1-A9Z9-01	TCGA-V1-A9Z9-10
TCGA-V1-A9OT-01	TCGA-V1-A9OT-10
TCGA-ZG-A9L1-01	TCGA-ZG-A9L1-10
TCGA-EJ-8470-01	TCGA-EJ-8470-10
TCGA-EJ-5531-01	TCGA-EJ-5531-10
TCGA-VP-A87H-01	TCGA-VP-A87H-10
TCGA-FC-A4JI-01	TCGA-FC-A4JI-10
TCGA-G9-6371-01	TCGA-G9-6371-10
TCGA-KK-A6E0-01	TCGA-KK-A6E0-11
TCGA-VN-A88R-01	TCGA-VN-A88R-10
TCGA-V1-A9OQ-01	TCGA-V1-A9OQ-10
TCGA-M7-A71Z-01	TCGA-M7-A71Z-10
TCGA-HI-7170-01	TCGA-HI-7170-10
TCGA-V1-A8WS-01	TCGA-V1-A8WS-10
TCGA-SU-A7E7-01	TCGA-SU-A7E7-10
TCGA-CH-5762-01	TCGA-CH-5762-11
TCGA-KC-A4BN-01	TCGA-KC-A4BN-10
TCGA-FC-7708-01	TCGA-FC-7708-10
TCGA-EJ-5508-01	TCGA-EJ-5508-10
TCGA-XJ-A9DI-01	TCGA-XJ-A9DI-10
TCGA-XJ-A83G-01	TCGA-XJ-A83G-10
TCGA-J4-A6M7-01	TCGA-J4-A6M7-10
TCGA-J4-A83K-01	TCGA-J4-A83K-10
TCGA-EJ-A7NM-01	TCGA-EJ-A7NM-10
TCGA-HC-7749-01	TCGA-HC-7749-10
TCGA-CH-5737-01	TCGA-CH-5737-10
TCGA-2A-AAYU-01	TCGA-2A-AAYU-10
TCGA-YL-A8SJ-01	TCGA-YL-A8SJ-10
TCGA-V1-A8WW-01	TCGA-V1-A8WW-10
TCGA-HC-7752-01	TCGA-HC-7752-10
TCGA-EJ-A65D-01	TCGA-EJ-A65D-10
TCGA-HC-7738-01	TCGA-HC-7738-10
TCGA-G9-A9S7-01	TCGA-G9-A9S7-10
TCGA-HC-7747-01	TCGA-HC-7747-10
TCGA-J4-A83I-01	TCGA-J4-A83I-10
TCGA-V1-A8X3-01	TCGA-V1-A8X3-10
TCGA-EJ-5506-01	TCGA-EJ-5506-10
TCGA-EJ-5496-01	TCGA-EJ-5496-10
TCGA-ZG-A9LU-01	TCGA-ZG-A9LU-10
TCGA-TP-A8TV-01	TCGA-TP-A8TV-10
TCGA-2A-AAYO-01	TCGA-2A-AAYO-10
TCGA-YL-A8S8-01	TCGA-YL-A8S8-10
TCGA-YL-A9WL-01	TCGA-YL-A9WL-10
TCGA-ZG-A9L4-01	TCGA-ZG-A9L4-10
TCGA-HC-7080-01	TCGA-HC-7080-10
TCGA-XK-AAJP-01	TCGA-XK-AAJP-10
TCGA-HC-7233-01	TCGA-HC-7233-10
TCGA-VP-A87K-01	TCGA-VP-A87K-10
TCGA-EJ-7314-01	TCGA-EJ-7314-10
TCGA-J9-A8CK-01	TCGA-J9-A8CK-10
TCGA-J4-A6G3-01	TCGA-J4-A6G3-10
TCGA-V1-A9ZK-01	TCGA-V1-A9ZK-10
TCGA-KK-A5A1-01	TCGA-KK-A5A1-11
TCGA-ZG-A8QY-01	TCGA-ZG-A8QY-10
TCGA-EJ-7784-01	TCGA-EJ-7784-10
TCGA-YL-A8SI-01	TCGA-YL-A8SI-10
TCGA-G9-6377-01	TCGA-G9-6377-10
TCGA-XK-AAJA-01	TCGA-XK-AAJA-10
TCGA-M7-A722-01	TCGA-M7-A722-10
TCGA-CH-5794-01	TCGA-CH-5794-10
TCGA-EJ-A65F-01	TCGA-EJ-A65F-10
TCGA-YL-A8SP-01	TCGA-YL-A8SP-10
TCGA-J9-A8CM-01	TCGA-J9-A8CM-10
TCGA-KK-A8I5-01	TCGA-KK-A8I5-11
TCGA-HC-7211-01	TCGA-HC-7211-11
TCGA-HC-7081-01	TCGA-HC-7081-10
TCGA-J4-8198-01	TCGA-J4-8198-10
TCGA-VP-AA1N-01	TCGA-VP-AA1N-10
TCGA-KK-A8I7-01	TCGA-KK-A8I7-11
TCGA-HC-A6AP-01	TCGA-HC-A6AP-10
TCGA-KC-A7F5-01	TCGA-KC-A7F5-10
TCGA-KK-A6E4-01	TCGA-KK-A6E4-11
TCGA-G9-7521-01	TCGA-G9-7521-10
TCGA-HC-A6AO-01	TCGA-HC-A6AO-10
TCGA-HI-7168-01	TCGA-HI-7168-10
TCGA-EJ-7785-01	TCGA-EJ-7785-10
TCGA-EJ-5526-01	TCGA-EJ-5526-10
TCGA-QU-A6IM-01	TCGA-QU-A6IM-10
TCGA-2A-A8VT-01	TCGA-2A-A8VT-10
TCGA-G9-6384-01	TCGA-G9-6384-10
TCGA-V1-A9O7-01	TCGA-V1-A9O7-10
TCGA-G9-6379-01	TCGA-G9-6379-10
